n,d,mode,spectrum_entropy,participation_ratio,normalized_PR,top1_ratio,top5_ratio,top10_ratio,top20_ratio,top50_ratio,model,domain
5000,384,l2norm,5.213233947753906,96.72325134277344,0.25188347697257996,0.061606261879205704,0.14877842366695404,0.21861431002616882,0.3181656301021576,0.5131883025169373,minilm,Pile-CC
5000,384,raw,5.213233947753906,96.72325134277344,0.25188347697257996,0.06160625070333481,0.14877842366695404,0.21861432492733002,0.31816565990448,0.5131882429122925,minilm,Pile-CC
5000,384,centered,5.306360244750977,133.86924743652344,0.348617821931839,0.02839420735836029,0.11008255183696747,0.1810750514268875,0.2844837009906769,0.4886588454246521,minilm,Pile-CC
5000,384,l2norm,5.1477251052856445,100.93675994873047,0.2628561556339264,0.04540492594242096,0.146975576877594,0.22508469223976135,0.3334622085094452,0.5436730980873108,minilm,Wikipedia_en
5000,384,raw,5.147725582122803,100.93675231933594,0.262856125831604,0.04540492966771126,0.1469755917787552,0.22508472204208374,0.33346226811408997,0.5436731576919556,minilm,Wikipedia_en
5000,384,centered,5.188448905944824,113.21517181396484,0.29483118653297424,0.032994095236063004,0.13119849562644958,0.2078791707754135,0.31693485379219055,0.5315294861793518,minilm,Wikipedia_en
2657,384,l2norm,4.716031074523926,32.48257064819336,0.08459002524614334,0.14388863742351532,0.2922531068325043,0.37788471579551697,0.47391477227211,0.6373643279075623,minilm,ArXiv
2657,384,raw,4.716031074523926,32.48257064819336,0.08459002524614334,0.14388863742351532,0.2922531068325043,0.37788471579551697,0.4739147126674652,0.6373643279075623,minilm,ArXiv
2657,384,centered,5.0049662590026855,68.94693756103516,0.17954932153224945,0.06659171730279922,0.20499329268932343,0.29591357707977295,0.4026618003845215,0.586840808391571,minilm,ArXiv
5000,384,l2norm,4.773300647735596,37.16551208496094,0.09678518772125244,0.1299922913312912,0.27435535192489624,0.36138004064559937,0.4636882245540619,0.6321237087249756,minilm,Github
5000,384,raw,4.7733001708984375,37.16551208496094,0.09678518772125244,0.1299922913312912,0.27435532212257385,0.36138004064559937,0.4636881947517395,0.6321236491203308,minilm,Github
5000,384,centered,5.02449893951416,72.07138061523438,0.18768589198589325,0.0650651752948761,0.19387905299663544,0.2867085933685303,0.3983624577522278,0.5870343446731567,minilm,Github
5000,384,l2norm,4.835247993469238,43.5446891784668,0.11339762806892395,0.11790068447589874,0.24569067358970642,0.339509516954422,0.4451800286769867,0.6267019510269165,minilm,PubMed_Central
5000,384,raw,4.83524751663208,43.54469680786133,0.11339765042066574,0.11790068447589874,0.24569067358970642,0.339509516954422,0.4451800286769867,0.6267019510269165,minilm,PubMed_Central
5000,384,centered,5.057433605194092,83.18305969238281,0.21662254631519318,0.04526785388588905,0.1745290458202362,0.27208560705184937,0.38596203923225403,0.5849863886833191,minilm,PubMed_Central
5000,384,l2norm,3.54640531539917,5.25567102432251,0.013686642982065678,0.43184277415275574,0.5133975744247437,0.5686348080635071,0.6375523209571838,0.7615069150924683,minilm,FreeLaw
5000,384,raw,3.546405553817749,5.255668640136719,0.01368663739413023,0.4318428635597229,0.5133976340293884,0.5686349272727966,0.6375523805618286,0.7615070343017578,minilm,FreeLaw
5000,384,centered,5.029523849487305,83.5572738647461,0.21759706735610962,0.048500578850507736,0.17166666686534882,0.2603798508644104,0.3758485019207001,0.5881927013397217,minilm,FreeLaw
5000,384,l2norm,5.250616073608398,115.39999389648438,0.30052080750465393,0.036866333335638046,0.1292700469493866,0.21052952110767365,0.3225323259830475,0.5161752700805664,minilm,StackExchange
5000,384,raw,5.250615119934082,115.40000915527344,0.3005208671092987,0.03686632588505745,0.1292700171470642,0.21052949130535126,0.3225322961807251,0.5161752700805664,minilm,StackExchange
5000,384,centered,5.283841609954834,125.71624755859375,0.3273860514163971,0.02851984091103077,0.11589772999286652,0.19670440256595612,0.3084200918674469,0.5047190189361572,minilm,StackExchange
5000,384,l2norm,4.755680084228516,31.78611183166504,0.08277633041143417,0.15436826646327972,0.2655257284641266,0.3470681309700012,0.45078399777412415,0.6292942762374878,minilm,USPTO_Backgrounds
5000,384,raw,4.755680561065674,31.786115646362305,0.08277634531259537,0.15436825156211853,0.2655257284641266,0.3470681309700012,0.45078396797180176,0.6292942762374878,minilm,USPTO_Backgrounds
5000,384,centered,5.104551792144775,91.7713623046875,0.23898792266845703,0.044455692172050476,0.1583556830883026,0.2491571009159088,0.36580294370651245,0.5701156854629517,minilm,USPTO_Backgrounds
5000,384,l2norm,3.49873948097229,4.34469747543335,0.011314316652715206,0.47747695446014404,0.5341936945915222,0.577305018901825,0.6316319704055786,0.732572615146637,bge_small,Pile-CC
5000,384,raw,3.49873948097229,4.344696998596191,0.011314314790070057,0.4774770140647888,0.534193754196167,0.5773050785064697,0.6316320300102234,0.7325727343559265,bge_small,Pile-CC
5000,384,centered,5.370510101318359,124.67838287353516,0.324683278799057,0.034047696739435196,0.12794825434684753,0.20501123368740082,0.30416861176490784,0.49367767572402954,bge_small,Pile-CC
5000,384,l2norm,3.79764986038208,5.446503639221191,0.01418360322713852,0.4256157875061035,0.48664653301239014,0.5311864018440247,0.5865879058837891,0.689345121383667,bge_small,Wikipedia_en
5000,384,raw,3.79764986038208,5.446503639221191,0.01418360322713852,0.4256157875061035,0.48664653301239014,0.5311864018440247,0.5865879058837891,0.689345121383667,bge_small,Wikipedia_en
5000,384,centered,5.424661159515381,134.25936889648438,0.3496337831020355,0.032271042466163635,0.12602569162845612,0.19583626091480255,0.2883587181568146,0.464025616645813,bge_small,Wikipedia_en
2657,384,l2norm,2.525507926940918,2.565641403198242,0.006681357976049185,0.6219079494476318,0.7127410769462585,0.7517644166946411,0.7904929518699646,0.8499372005462646,bge_small,ArXiv
2657,384,raw,2.525507926940918,2.565641403198242,0.006681357976049185,0.6219079494476318,0.7127410769462585,0.7517644166946411,0.7904929518699646,0.8499372005462646,bge_small,ArXiv
2657,384,centered,4.923616886138916,47.48460006713867,0.12365781515836716,0.08590751886367798,0.2686276435852051,0.35760998725891113,0.45460498332977295,0.6075582504272461,bge_small,ArXiv
5000,384,l2norm,2.6586666107177734,2.58046293258667,0.006719955708831549,0.6213638186454773,0.6731160879135132,0.7075179815292358,0.7495599985122681,0.8197168707847595,bge_small,Github
5000,384,raw,2.6586663722991943,2.58046293258667,0.006719955708831549,0.6213638186454773,0.6731160879135132,0.7075179815292358,0.7495599985122681,0.8197168707847595,bge_small,Github
5000,384,centered,5.269120216369629,99.89129638671875,0.2601335942745209,0.04509414732456207,0.15749134123325348,0.24110852181911469,0.3482758700847626,0.5290860533714294,bge_small,Github
5000,384,l2norm,2.7671890258789062,2.8312737941741943,0.007373108994215727,0.5924718379974365,0.6615392565727234,0.7054593563079834,0.7500322461128235,0.8230355381965637,bge_small,PubMed_Central
5000,384,raw,2.7671890258789062,2.8312737941741943,0.007373108994215727,0.5924718379974365,0.6615392565727234,0.7054592967033386,0.7500322461128235,0.8230355381965637,bge_small,PubMed_Central
5000,384,centered,5.129942893981934,76.01776885986328,0.1979629397392273,0.054564010351896286,0.19906063377857208,0.2919752597808838,0.39593034982681274,0.5705982446670532,bge_small,PubMed_Central
5000,384,l2norm,2.555971145629883,2.389033794403076,0.006221442017704248,0.6461975574493408,0.6864653825759888,0.7127719521522522,0.7470378279685974,0.8123538494110107,bge_small,FreeLaw
5000,384,raw,2.5559706687927246,2.389033794403076,0.006221442017704248,0.6461975574493408,0.6864653825759888,0.7127719521522522,0.7470378279685974,0.8123538494110107,bge_small,FreeLaw
5000,384,centered,5.387901306152344,123.89002990722656,0.32263028621673584,0.041884373873472214,0.1325369030237198,0.20021118223667145,0.29324039816856384,0.47460633516311646,bge_small,FreeLaw
5000,384,l2norm,3.176574945449829,3.556694984436035,0.009262226521968842,0.5281611084938049,0.5912246704101562,0.6346263289451599,0.6889851093292236,0.777417778968811,bge_small,StackExchange
5000,384,raw,3.176575183868408,3.556694507598877,0.009262225590646267,0.5281611680984497,0.591224730014801,0.6346263885498047,0.6889851689338684,0.7774178981781006,bge_small,StackExchange
5000,384,centered,5.2654266357421875,100.40280151367188,0.2614656388759613,0.04159711301326752,0.15649603307247162,0.2409035563468933,0.35058295726776123,0.5331714749336243,bge_small,StackExchange
5000,384,l2norm,3.035536766052246,3.259462356567383,0.008488182909786701,0.5519888401031494,0.6157258152961731,0.6571798920631409,0.7066973447799683,0.7915979027748108,bge_small,USPTO_Backgrounds
5000,384,raw,3.035536527633667,3.259462356567383,0.008488182909786701,0.5519888401031494,0.6157258152961731,0.6571798920631409,0.7066973447799683,0.791597843170166,bge_small,USPTO_Backgrounds
5000,384,centered,5.2410173416137695,95.16915130615234,0.24783633649349213,0.04684954881668091,0.1642511934041977,0.2485877275466919,0.35466721653938293,0.5392228960990906,bge_small,USPTO_Backgrounds
5000,1024,l2norm,4.032842636108398,5.747161865234375,0.005612462759017944,0.4145570695400238,0.47129544615745544,0.5122766494750977,0.5631014704704285,0.6560230255126953,bge_large,Pile-CC
5000,1024,raw,4.032842636108398,5.747161865234375,0.005612462759017944,0.4145570695400238,0.47129544615745544,0.5122766494750977,0.5631014704704285,0.6560229659080505,bge_large,Pile-CC
5000,1024,centered,5.7272796630859375,158.87876892089844,0.15515504777431488,0.03218301758170128,0.11449314653873444,0.17985527217388153,0.26192790269851685,0.417536199092865,bge_large,Pile-CC
5000,1024,l2norm,4.144874572753906,6.363465785980225,0.006214322056621313,0.39343807101249695,0.45468804240226746,0.49808260798454285,0.5485989451408386,0.6405313611030579,bge_large,Wikipedia_en
5000,1024,raw,4.144874572753906,6.363467216491699,0.006214323453605175,0.3934380114078522,0.4546879529953003,0.4980825185775757,0.5485989451408386,0.6405313014984131,bge_large,Wikipedia_en
5000,1024,centered,5.717414855957031,150.75106811523438,0.14721783995628357,0.03663350269198418,0.12216509133577347,0.187739759683609,0.2663634121417999,0.41477108001708984,bge_large,Wikipedia_en
2657,1024,l2norm,2.626991033554077,2.5821213722229004,0.002521602902561426,0.6200874447822571,0.7070229053497314,0.7429356575012207,0.7802585363388062,0.8365671038627625,bge_large,ArXiv
2657,1024,raw,2.626991033554077,2.5821213722229004,0.002521602902561426,0.6200874447822571,0.7070229053497314,0.7429356575012207,0.7802585363388062,0.8365671038627625,bge_large,ArXiv
2657,1024,centered,5.164220809936523,51.87531661987305,0.05065948888659477,0.08725379407405853,0.25416865944862366,0.33745670318603516,0.42968323826789856,0.5741817951202393,bge_large,ArXiv
5000,1024,l2norm,2.9277472496032715,2.8360040187835693,0.0027695351745933294,0.5925439596176147,0.6454927921295166,0.6801021695137024,0.7216114401817322,0.7909098267555237,bge_large,Github
5000,1024,raw,2.9277472496032715,2.8360040187835693,0.0027695351745933294,0.5925439596176147,0.6454927921295166,0.6801021695137024,0.7216113805770874,0.7909098267555237,bge_large,Github
5000,1024,centered,5.522840976715088,109.78406524658203,0.10721100121736526,0.048906467854976654,0.15123160183429718,0.2280539870262146,0.32563668489456177,0.492443323135376,bge_large,Github
5000,1024,l2norm,2.957644462585449,2.9199676513671875,0.002851530909538269,0.5836313962936401,0.6465527415275574,0.6854705810546875,0.7262394428253174,0.793865442276001,bge_large,PubMed_Central
5000,1024,raw,2.95764422416687,2.9199676513671875,0.002851530909538269,0.5836313962936401,0.6465527415275574,0.6854705810546875,0.7262394428253174,0.793865442276001,bge_large,PubMed_Central
5000,1024,centered,5.469408988952637,93.37042999267578,0.09118206053972244,0.05216947942972183,0.1768256574869156,0.2572586238384247,0.3512015640735626,0.5099210143089294,bge_large,PubMed_Central
5000,1024,l2norm,2.816274404525757,2.612917423248291,0.002551677171140909,0.6177659034729004,0.6609601378440857,0.6864678263664246,0.7198280096054077,0.7838655710220337,bge_large,FreeLaw
5000,1024,raw,2.8162741661071777,2.61291766166687,0.002551677403971553,0.6177658438682556,0.6609600782394409,0.6864678263664246,0.7198279500007629,0.7838655114173889,bge_large,FreeLaw
5000,1024,centered,5.626852035522461,135.08624267578125,0.13192015886306763,0.04392959922552109,0.13120488822460175,0.19066797196865082,0.27482375502586365,0.4395107626914978,bge_large,FreeLaw
5000,1024,l2norm,3.720226764678955,4.67425012588501,0.00456469738855958,0.4602453112602234,0.517678439617157,0.5595768094062805,0.6141942739486694,0.7076953649520874,bge_large,StackExchange
5000,1024,raw,3.720226764678955,4.67425012588501,0.00456469738855958,0.4602453112602234,0.517678439617157,0.5595768094062805,0.6141942739486694,0.7076953053474426,bge_large,StackExchange
5000,1024,centered,5.612916946411133,137.30368041992188,0.13408562541007996,0.033425476402044296,0.1256454586982727,0.19739240407943726,0.2936801314353943,0.4630658030509949,bge_large,StackExchange
5000,1024,l2norm,3.2447474002838135,3.38728928565979,0.0033078996930271387,0.5417916774749756,0.5958184003829956,0.6336374878883362,0.6790660619735718,0.7576583027839661,bge_large,USPTO_Backgrounds
5000,1024,raw,3.2447471618652344,3.38728928565979,0.0033078996930271387,0.5417916774749756,0.5958184003829956,0.6336374878883362,0.6790660619735718,0.7576583027839661,bge_large,USPTO_Backgrounds
5000,1024,centered,5.574896812438965,124.374755859375,0.1214597225189209,0.0384196974337101,0.1399034559726715,0.21339727938175201,0.3081620931625366,0.4759770631790161,bge_large,USPTO_Backgrounds
5000,768,l2norm,0.6565274596214294,1.1839938163757324,0.0015416586538776755,0.9189187288284302,0.9414170980453491,0.9536056518554688,0.9641669988632202,0.9764209985733032,legal_bert,Pile-CC
5000,768,raw,0.6592251062393188,1.18498957157135,0.001542955171316862,0.9185312986373901,0.9411911964416504,0.9533789753913879,0.9639326333999634,0.9763197302818298,legal_bert,Pile-CC
5000,768,centered,4.610230445861816,34.275604248046875,0.044629693031311035,0.10075803846120834,0.3223433792591095,0.4490789771080017,0.569634735584259,0.7156544327735901,legal_bert,Pile-CC
5000,768,l2norm,0.8605153560638428,1.2615995407104492,0.001642707735300064,0.8901328444480896,0.9184108376502991,0.9333134889602661,0.9484980702400208,0.9674974679946899,legal_bert,Wikipedia_en
5000,768,raw,0.8704087138175964,1.2657923698425293,0.00164816714823246,0.8886507153511047,0.9174479842185974,0.9324310421943665,0.9477434754371643,0.9670082330703735,legal_bert,Wikipedia_en
5000,768,centered,4.676296234130859,38.85560607910156,0.050593238323926926,0.09870423376560211,0.29267916083335876,0.4132777452468872,0.5411889553070068,0.7085005044937134,legal_bert,Wikipedia_en
2657,768,l2norm,0.45026758313179016,1.1202843189239502,0.0014587035402655602,0.9446913003921509,0.9646321535110474,0.9710995554924011,0.9773576855659485,0.9857911467552185,legal_bert,ArXiv
2657,768,raw,0.4533911347389221,1.1215994358062744,0.0014604158932343125,0.9441332817077637,0.9644238352775574,0.971006453037262,0.9773324131965637,0.9857827425003052,legal_bert,ArXiv
2657,768,centered,4.251622676849365,16.00758934020996,0.02084321528673172,0.22244858741760254,0.3968369960784912,0.5001194477081299,0.6049115657806396,0.7509419918060303,legal_bert,ArXiv
5000,768,l2norm,0.942881166934967,1.3066800832748413,0.0017014063196256757,0.8745421767234802,0.9095396399497986,0.9292874336242676,0.9476491212844849,0.967488169670105,legal_bert,Github
5000,768,raw,0.979803204536438,1.327305793762207,0.0017282627522945404,0.8676620721817017,0.9066935181617737,0.9275540709495544,0.9465416073799133,0.9668644666671753,legal_bert,Github
5000,768,centered,4.41619348526001,29.063541412353516,0.03784315288066864,0.11897198855876923,0.3410080075263977,0.4803864061832428,0.6110943555831909,0.758293628692627,legal_bert,Github
5000,768,l2norm,0.5641458630561829,1.1578238010406494,0.001507583074271679,0.929239809513092,0.9530363082885742,0.9629926681518555,0.9720051884651184,0.9830446243286133,legal_bert,PubMed_Central
5000,768,raw,0.5751598477363586,1.1619722843170166,0.0015129847452044487,0.9275743365287781,0.951803982257843,0.9620840549468994,0.9714680910110474,0.9828886389732361,legal_bert,PubMed_Central
5000,768,centered,4.327601909637451,23.669878005981445,0.030820153653621674,0.14807438850402832,0.37976565957069397,0.49930742383003235,0.6194677352905273,0.7699816823005676,legal_bert,PubMed_Central
5000,768,l2norm,0.7176935076713562,1.2245900630950928,0.0015945183113217354,0.9033769369125366,0.9423704743385315,0.955808699131012,0.9667953252792358,0.9795933365821838,legal_bert,FreeLaw
5000,768,raw,0.73323655128479,1.232265591621399,0.001604512450285256,0.9005321264266968,0.9414721727371216,0.955095648765564,0.9662320017814636,0.9792904257774353,legal_bert,FreeLaw
5000,768,centered,4.1092448234558105,17.87127113342285,0.023269884288311005,0.162035271525383,0.4559481739997864,0.5671570897102356,0.6694589257240295,0.79596346616745,legal_bert,FreeLaw
5000,768,l2norm,0.6615540981292725,1.1925102472305298,0.0015527476789429784,0.9155508875846863,0.9443417191505432,0.9540494084358215,0.9637187719345093,0.9769391417503357,legal_bert,StackExchange
5000,768,raw,0.6717996597290039,1.197789192199707,0.001559621305204928,0.9135169982910156,0.9442840218544006,0.9540486931800842,0.9637830257415771,0.9769948720932007,legal_bert,StackExchange
5000,768,centered,4.339300632476807,20.43164825439453,0.026603708043694496,0.1780230551958084,0.3950461745262146,0.49132969975471497,0.5952429175376892,0.7416480183601379,legal_bert,StackExchange
5000,768,l2norm,0.5857435464859009,1.1635262966156006,0.0015150081599131227,0.9269649982452393,0.9499912261962891,0.9603651165962219,0.9700623154640198,0.9815256595611572,legal_bert,USPTO_Backgrounds
5000,768,raw,0.5867840647697449,1.1639119386672974,0.001515510375611484,0.9268106818199158,0.9499112963676453,0.96028733253479,0.9699934124946594,0.9814847111701965,legal_bert,USPTO_Backgrounds
5000,768,centered,4.4355340003967285,27.6221981048584,0.035966403782367706,0.12704266607761383,0.35314682126045227,0.4781052768230438,0.5999309420585632,0.7515447735786438,legal_bert,USPTO_Backgrounds
5000,768,l2norm,0.7205342054367065,1.21601140499115,0.0015833481447771192,0.9066601395606995,0.9375674724578857,0.9503476619720459,0.9624177813529968,0.9770572185516357,biobert,Pile-CC
5000,768,raw,0.7263085246086121,1.2182714939117432,0.0015862910076975822,0.9058147072792053,0.9370095729827881,0.9498744010925293,0.961999773979187,0.9767851233482361,biobert,Pile-CC
5000,768,centered,4.377286911010742,25.873369216918945,0.03368928283452988,0.12974813580513,0.3724939525127411,0.49291282892227173,0.609742283821106,0.7596808075904846,biobert,Pile-CC
5000,768,l2norm,0.888372540473938,1.2847528457641602,0.0016728552291169763,0.8820117115974426,0.914591908454895,0.9336728453636169,0.9514512419700623,0.9719444513320923,biobert,Wikipedia_en
5000,768,raw,0.9008399248123169,1.2904331684112549,0.0016802515601739287,0.8800579309463501,0.9132804870605469,0.9325487017631531,0.9506366848945618,0.9714477062225342,biobert,Wikipedia_en
5000,768,centered,4.444585800170898,33.04681396484375,0.04302970692515373,0.1018267422914505,0.31853437423706055,0.46466517448425293,0.600557267665863,0.7669143676757812,biobert,Wikipedia_en
2657,768,l2norm,0.5505697131156921,1.1636481285095215,0.0015151668339967728,0.9267796874046326,0.9585815668106079,0.9673255681991577,0.9754716157913208,0.9853939414024353,biobert,ArXiv
2657,768,raw,0.5578621625900269,1.1668589115142822,0.0015193475410342216,0.9254920482635498,0.9580104351043701,0.9670537114143372,0.9753034114837646,0.985305905342102,biobert,ArXiv
2657,768,centered,3.919715642929077,11.839275360107422,0.01541572343558073,0.2610112428665161,0.4753871262073517,0.5740512013435364,0.6781458258628845,0.8068483471870422,biobert,ArXiv
5000,768,l2norm,1.1028653383255005,1.413038969039917,0.0018398944521322846,0.8405932188034058,0.8929120302200317,0.9225142598152161,0.9475663304328918,0.9696534872055054,biobert,Github
5000,768,raw,1.1795611381530762,1.462952971458435,0.001904886681586504,0.8259392380714417,0.8837977051734924,0.9172075986862183,0.9443445205688477,0.9682012796401978,biobert,Github
5000,768,centered,4.105945110321045,21.65196418762207,0.028192661702632904,0.15360480546951294,0.3864786922931671,0.5523643493652344,0.6919543743133545,0.8218445181846619,biobert,Github
5000,768,l2norm,0.6532309055328369,1.1860857009887695,0.0015443824231624603,0.918067455291748,0.9427372813224792,0.9526336789131165,0.963031530380249,0.9773240089416504,biobert,PubMed_Central
5000,768,raw,0.6711843609809875,1.193830966949463,0.0015544673660770059,0.9150678515434265,0.9412466287612915,0.9515088796615601,0.9624432325363159,0.9770258665084839,biobert,PubMed_Central
5000,768,centered,4.454172134399414,23.64877700805664,0.030792677775025368,0.1695476621389389,0.34566205739974976,0.451681911945343,0.5723361968994141,0.7363899350166321,biobert,PubMed_Central
5000,768,l2norm,0.5277396440505981,1.165849208831787,0.00151803286280483,0.9258274435997009,0.9666639566421509,0.9747171998023987,0.9806385040283203,0.9883095622062683,biobert,FreeLaw
5000,768,raw,0.547326922416687,1.1753404140472412,0.001530391164124012,0.9220341444015503,0.9654234051704407,0.9740515947341919,0.98023521900177,0.9881536364555359,biobert,FreeLaw
5000,768,centered,3.4482574462890625,8.385793685913086,0.010919001884758472,0.28860920667648315,0.5981162786483765,0.686371386051178,0.7587393522262573,0.8543468713760376,biobert,FreeLaw
5000,768,l2norm,0.7796702980995178,1.2583720684051514,0.0016385052585974336,0.8909474015235901,0.938255786895752,0.9513648748397827,0.9629744291305542,0.9776701927185059,biobert,StackExchange
5000,768,raw,0.8220894932746887,1.2865464687347412,0.0016751907533034682,0.8809496164321899,0.9375596046447754,0.9509093165397644,0.9630665183067322,0.9776982069015503,biobert,StackExchange
5000,768,centered,3.748676061630249,10.51303768157959,0.013688851147890091,0.26457419991493225,0.5225547552108765,0.6183350682258606,0.7095831036567688,0.8231210112571716,biobert,StackExchange
5000,768,l2norm,0.5688310265541077,1.1522338390350342,0.0015003044391050935,0.9315387606620789,0.9489845633506775,0.9582790732383728,0.9679371118545532,0.9803531169891357,biobert,USPTO_Backgrounds
5000,768,raw,0.5711169838905334,1.1530195474624634,0.0015013274969533086,0.9312207698822021,0.9487172365188599,0.9581027626991272,0.9678025245666504,0.9802755117416382,biobert,USPTO_Backgrounds
5000,768,centered,4.651767730712891,40.20230484008789,0.05234675109386444,0.08236544579267502,0.2981438636779785,0.4133576452732086,0.5437972545623779,0.7189115881919861,biobert,USPTO_Backgrounds
5000,768,l2norm,0.15284688770771027,1.033014178276062,0.001345070544630289,0.9838854670524597,0.9893454313278198,0.9916105270385742,0.9937214851379395,0.9960799813270569,pubmedbert,Pile-CC
5000,768,raw,0.15344062447547913,1.0331580638885498,0.0013452578568831086,0.9838168621063232,0.9893014430999756,0.9915716648101807,0.9936897158622742,0.9960597157478333,pubmedbert,Pile-CC
5000,768,centered,4.363214492797852,24.617843627929688,0.03205448389053345,0.1358305662870407,0.3729383647441864,0.499754399061203,0.618940532207489,0.759978711605072,pubmedbert,Pile-CC
5000,768,l2norm,0.1806679368019104,1.0397322177886963,0.001353817991912365,0.980700671672821,0.9866839051246643,0.9895931482315063,0.9922394752502441,0.9952538013458252,pubmedbert,Wikipedia_en
5000,768,raw,0.1815996617078781,1.0399740934371948,0.0013541328953579068,0.9805864691734314,0.9866194725036621,0.9895369410514832,0.9921926259994507,0.9952247142791748,pubmedbert,Wikipedia_en
5000,768,centered,4.421643257141113,29.655710220336914,0.03861420601606369,0.10203998535871506,0.3541404902935028,0.4814799129962921,0.6067602038383484,0.7574628591537476,pubmedbert,Wikipedia_en
2657,768,l2norm,0.10967528074979782,1.0233488082885742,0.0013324854662641883,0.9885219931602478,0.9931107759475708,0.9945685267448425,0.9959373474121094,0.9976178407669067,pubmedbert,ArXiv
2657,768,raw,0.11002843827009201,1.0234384536743164,0.0013326021144166589,0.9884786605834961,0.9930828213691711,0.9945535659790039,0.9959278702735901,0.9976142048835754,pubmedbert,ArXiv
2657,768,centered,4.0917510986328125,16.07063102722168,0.02092530019581318,0.20956148207187653,0.4336647391319275,0.5438454151153564,0.6551611423492432,0.7959144115447998,pubmedbert,ArXiv
5000,768,l2norm,0.2601703107357025,1.0619429349899292,0.0013827382354065776,0.9703794717788696,0.979812502861023,0.9849714040756226,0.9892761707305908,0.9935368299484253,pubmedbert,Github
5000,768,raw,0.263917475938797,1.062974452972412,0.001384081318974495,0.9699079990386963,0.9794365763664246,0.9846810102462769,0.9890604615211487,0.9934347867965698,pubmedbert,Github
5000,768,centered,4.272486209869385,25.547592163085938,0.033265095204114914,0.132096067070961,0.367226243019104,0.5156862139701843,0.6469892859458923,0.7860055565834045,pubmedbert,Github
5000,768,l2norm,0.1386192888021469,1.0289616584777832,0.0013397937873378396,0.9858229756355286,0.9900707006454468,0.9917665123939514,0.9937450289726257,0.9962382912635803,pubmedbert,PubMed_Central
5000,768,raw,0.13921470940113068,1.0291060209274292,0.00133998179808259,0.9857537746429443,0.9900200366973877,0.9917213916778564,0.9937150478363037,0.9962282776832581,pubmedbert,PubMed_Central
5000,768,centered,4.523290634155273,29.666629791259766,0.03862842544913292,0.12483189254999161,0.3298446536064148,0.4378884732723236,0.5698739886283875,0.7393860816955566,pubmedbert,PubMed_Central
5000,768,l2norm,0.10615822672843933,1.0237525701522827,0.0013330111978575587,0.9883240461349487,0.9944244027137756,0.9956653118133545,0.9967008829116821,0.9979843497276306,pubmedbert,FreeLaw
5000,768,raw,0.10748517513275146,1.0241460800170898,0.001333523541688919,0.9881337285041809,0.9943733811378479,0.9956284761428833,0.9966779351234436,0.9979729652404785,pubmedbert,FreeLaw
5000,768,centered,3.6213817596435547,9.344565391540527,0.012167402543127537,0.2682366967201233,0.5581076145172119,0.6445481181144714,0.727135181427002,0.832055389881134,pubmedbert,FreeLaw
5000,768,l2norm,0.1628878116607666,1.0366133451461792,0.0013497569598257542,0.9821720719337463,0.9895074367523193,0.9916837811470032,0.9936308860778809,0.9960836172103882,pubmedbert,StackExchange
5000,768,raw,0.1634061336517334,1.0367717742919922,0.0013499632477760315,0.9820969104766846,0.9894934892654419,0.9916760921478271,0.9936248660087585,0.9960799813270569,pubmedbert,StackExchange
5000,768,centered,4.105484485626221,17.510488510131836,0.02280011586844921,0.1630529761314392,0.4458908438682556,0.5530016422271729,0.6534284949302673,0.7849977612495422,pubmedbert,StackExchange
5000,768,l2norm,0.12792573869228363,1.0263065099716187,0.0013363366015255451,0.9870984554290771,0.9906679391860962,0.9925443530082703,0.994362473487854,0.9965468049049377,pubmedbert,USPTO_Backgrounds
5000,768,raw,0.1281460076570511,1.0263593196868896,0.0013364054029807448,0.9870730042457581,0.9906532168388367,0.9925313591957092,0.9943528771400452,0.9965408444404602,pubmedbert,USPTO_Backgrounds
5000,768,centered,4.570163249969482,35.95758819580078,0.0468197762966156,0.08398181200027466,0.3179958462715149,0.4424085021018982,0.5736474990844727,0.7361128330230713,pubmedbert,USPTO_Backgrounds
5000,768,l2norm,1.5859909057617188,1.6244854927062988,0.0021152154076844454,0.7840486764907837,0.8268685936927795,0.8553824424743652,0.8863369226455688,0.926785945892334,bert_base,Pile-CC
5000,768,raw,1.61664879322052,1.6447057723999023,0.002141543896868825,0.7791845202445984,0.8229292631149292,0.8520262241363525,0.8836368322372437,0.9249554872512817,bert_base,Pile-CC
5000,768,centered,4.927953720092773,55.207862854003906,0.07188523560762405,0.07118335366249084,0.22805510461330414,0.35135170817375183,0.4839010238647461,0.6650934219360352,bert_base,Pile-CC
5000,768,l2norm,2.143394708633423,2.0581161975860596,0.0026798387989401817,0.6959791779518127,0.7505069375038147,0.7834156155586243,0.8242889642715454,0.8882525563240051,bert_base,Wikipedia_en
5000,768,raw,2.1986279487609863,2.120136022567749,0.00276059377938509,0.68555748462677,0.7437182664871216,0.7769901752471924,0.8194701075553894,0.8854646682739258,bert_base,Wikipedia_en
5000,768,centered,5.0106048583984375,58.78779602050781,0.07654660940170288,0.08536276966333389,0.2097228467464447,0.3083972632884979,0.4365180432796478,0.6407700181007385,bert_base,Wikipedia_en
2657,768,l2norm,0.8770208954811096,1.3075964450836182,0.0017025995766744018,0.8738372325897217,0.9303417205810547,0.9451119899749756,0.9591659307479858,0.975932240486145,bert_base,ArXiv
2657,768,raw,0.8888128995895386,1.3152958154678345,0.00171262479852885,0.8712136149406433,0.9293203949928284,0.9445688724517822,0.9589436650276184,0.9758729338645935,bert_base,ArXiv
2657,768,centered,3.9124057292938232,12.972320556640625,0.01689104177057743,0.23246847093105316,0.4903820753097534,0.5871264338493347,0.6900061964988708,0.816077709197998,bert_base,ArXiv
5000,768,l2norm,1.3309056758880615,1.548452377319336,0.002016213955357671,0.802651047706604,0.8679907321929932,0.9035231471061707,0.9325252771377563,0.9606589674949646,bert_base,Github
5000,768,raw,1.4095042943954468,1.6094244718551636,0.002095604781061411,0.7870603203773499,0.8575217723846436,0.8983004093170166,0.9292486310005188,0.9590358734130859,bert_base,Github
5000,768,centered,4.179251670837402,24.1522274017334,0.03144821152091026,0.12516579031944275,0.380922794342041,0.5481981039047241,0.6792577505111694,0.812218427658081,bert_base,Github
5000,768,l2norm,1.01341712474823,1.3637982606887817,0.001775778946466744,0.855722963809967,0.9092745184898376,0.9313192367553711,0.9502184391021729,0.9713606238365173,bert_base,PubMed_Central
5000,768,raw,1.0437337160110474,1.3825287818908691,0.0018001677235588431,0.8498200178146362,0.9064322710037231,0.9289478659629822,0.9488899111747742,0.9708245396614075,bert_base,PubMed_Central
5000,768,centered,4.129781246185303,20.11316680908203,0.02618901990354061,0.14921651780605316,0.4177477955818176,0.5474206805229187,0.6690862774848938,0.8089125156402588,bert_base,PubMed_Central
5000,768,l2norm,0.8499206900596619,1.2969293594360352,0.0016887100646272302,0.8774212598800659,0.9341486096382141,0.9495626091957092,0.9619134664535522,0.9764740467071533,bert_base,FreeLaw
5000,768,raw,0.8875426054000854,1.3246248960494995,0.0017247720388695598,0.8679555058479309,0.9332281947135925,0.9488028287887573,0.9615843892097473,0.9763613939285278,bert_base,FreeLaw
5000,768,centered,3.7637786865234375,11.091473579406738,0.014442022889852524,0.22625873982906342,0.5309851169586182,0.6280291080474854,0.7166134715080261,0.8244341611862183,bert_base,FreeLaw
5000,768,l2norm,1.1529120206832886,1.4377433061599731,0.0018720616353675723,0.8331167101860046,0.8961699604988098,0.9183588027954102,0.9392734169960022,0.9634292125701904,bert_base,StackExchange
5000,768,raw,1.1853461265563965,1.4617242813110352,0.0019032867858186364,0.8261628746986389,0.8941621780395508,0.9175028204917908,0.9391038417816162,0.9634294509887695,bert_base,StackExchange
5000,768,centered,4.138517379760742,18.626264572143555,0.02425294928252697,0.16575635969638824,0.43495017290115356,0.5480838418006897,0.6617755889892578,0.7950364947319031,bert_base,StackExchange
5000,768,l2norm,1.1153688430786133,1.3981330394744873,0.001820485689677298,0.8452594876289368,0.8921533226966858,0.9150698184967041,0.9381585717201233,0.9645370841026306,bert_base,USPTO_Backgrounds
5000,768,raw,1.1244670152664185,1.4032062292099,0.0018270914442837238,0.8437186479568481,0.8910164833068848,0.914258599281311,0.9376721978187561,0.9642614722251892,bert_base,USPTO_Backgrounds
5000,768,centered,4.414913654327393,30.680103302001953,0.03994804993271828,0.09562662988901138,0.34351712465286255,0.47477826476097107,0.6134248971939087,0.7758328914642334,bert_base,USPTO_Backgrounds
