model,domain,raw_top10,raw_PR_norm,centered_top10,centered_PR_norm,l2norm_top10,l2norm_PR_norm,raw_minus_centered_top10
bert_base,ArXiv,0.9445688724517822,0.00171262479852885,0.5871264338493347,0.01689104177057743,0.9451119899749756,0.0017025995766744018,0.3574424386024475
bert_base,FreeLaw,0.9488028287887573,0.0017247720388695598,0.6280291080474854,0.014442022889852524,0.9495626091957092,0.0016887100646272302,0.320773720741272
bert_base,Github,0.8983004093170166,0.002095604781061411,0.5481981039047241,0.03144821152091026,0.9035231471061707,0.002016213955357671,0.3501023054122925
bert_base,Pile-CC,0.8520262241363525,0.002141543896868825,0.35135170817375183,0.07188523560762405,0.8553824424743652,0.0021152154076844454,0.5006745159626007
bert_base,PubMed_Central,0.9289478659629822,0.0018001677235588431,0.5474206805229187,0.02618901990354061,0.9313192367553711,0.001775778946466744,0.3815271854400635
bert_base,StackExchange,0.9175028204917908,0.0019032867858186364,0.5480838418006897,0.02425294928252697,0.9183588027954102,0.0018720616353675723,0.3694189786911011
bert_base,USPTO_Backgrounds,0.914258599281311,0.0018270914442837238,0.47477826476097107,0.03994804993271828,0.9150698184967041,0.001820485689677298,0.43948033452033997
bert_base,Wikipedia_en,0.7769901752471924,0.00276059377938509,0.3083972632884979,0.07654660940170288,0.7834156155586243,0.0026798387989401817,0.46859291195869446
bge_large,ArXiv,0.7429356575012207,0.002521602902561426,0.33745670318603516,0.05065948888659477,0.7429356575012207,0.002521602902561426,0.40547895431518555
bge_large,FreeLaw,0.6864678263664246,0.002551677403971553,0.19066797196865082,0.13192015886306763,0.6864678263664246,0.002551677171140909,0.49579985439777374
bge_large,Github,0.6801021695137024,0.0027695351745933294,0.2280539870262146,0.10721100121736526,0.6801021695137024,0.0027695351745933294,0.4520481824874878
bge_large,Pile-CC,0.5122766494750977,0.005612462759017944,0.17985527217388153,0.15515504777431488,0.5122766494750977,0.005612462759017944,0.3324213773012161
bge_large,PubMed_Central,0.6854705810546875,0.002851530909538269,0.2572586238384247,0.09118206053972244,0.6854705810546875,0.002851530909538269,0.4282119572162628
bge_large,StackExchange,0.5595768094062805,0.00456469738855958,0.19739240407943726,0.13408562541007996,0.5595768094062805,0.00456469738855958,0.36218440532684326
bge_large,USPTO_Backgrounds,0.6336374878883362,0.0033078996930271387,0.21339727938175201,0.1214597225189209,0.6336374878883362,0.0033078996930271387,0.42024020850658417
bge_large,Wikipedia_en,0.4980825185775757,0.006214323453605175,0.187739759683609,0.14721783995628357,0.49808260798454285,0.006214322056621313,0.3103427588939667
bge_small,ArXiv,0.7517644166946411,0.006681357976049185,0.35760998725891113,0.12365781515836716,0.7517644166946411,0.006681357976049185,0.39415442943573
bge_small,FreeLaw,0.7127719521522522,0.006221442017704248,0.20021118223667145,0.32263028621673584,0.7127719521522522,0.006221442017704248,0.5125607699155807
bge_small,Github,0.7075179815292358,0.006719955708831549,0.24110852181911469,0.2601335942745209,0.7075179815292358,0.006719955708831549,0.46640945971012115
bge_small,Pile-CC,0.5773050785064697,0.011314314790070057,0.20501123368740082,0.324683278799057,0.577305018901825,0.011314316652715206,0.3722938448190689
bge_small,PubMed_Central,0.7054592967033386,0.007373108994215727,0.2919752597808838,0.1979629397392273,0.7054593563079834,0.007373108994215727,0.41348403692245483
bge_small,StackExchange,0.6346263885498047,0.009262225590646267,0.2409035563468933,0.2614656388759613,0.6346263289451599,0.009262226521968842,0.3937228322029114
bge_small,USPTO_Backgrounds,0.6571798920631409,0.008488182909786701,0.2485877275466919,0.24783633649349213,0.6571798920631409,0.008488182909786701,0.408592164516449
bge_small,Wikipedia_en,0.5311864018440247,0.01418360322713852,0.19583626091480255,0.3496337831020355,0.5311864018440247,0.01418360322713852,0.3353501409292221
biobert,ArXiv,0.9670537114143372,0.0015193475410342216,0.5740512013435364,0.01541572343558073,0.9673255681991577,0.0015151668339967728,0.3930025100708008
biobert,FreeLaw,0.9740515947341919,0.001530391164124012,0.686371386051178,0.010919001884758472,0.9747171998023987,0.00151803286280483,0.2876802086830139
biobert,Github,0.9172075986862183,0.001904886681586504,0.5523643493652344,0.028192661702632904,0.9225142598152161,0.0018398944521322846,0.3648432493209839
biobert,Pile-CC,0.9498744010925293,0.0015862910076975822,0.49291282892227173,0.03368928283452988,0.9503476619720459,0.0015833481447771192,0.45696157217025757
biobert,PubMed_Central,0.9515088796615601,0.0015544673660770059,0.451681911945343,0.030792677775025368,0.9526336789131165,0.0015443824231624603,0.49982696771621704
biobert,StackExchange,0.9509093165397644,0.0016751907533034682,0.6183350682258606,0.013688851147890091,0.9513648748397827,0.0016385052585974336,0.3325742483139038
biobert,USPTO_Backgrounds,0.9581027626991272,0.0015013274969533086,0.4133576452732086,0.05234675109386444,0.9582790732383728,0.0015003044391050935,0.5447451174259186
biobert,Wikipedia_en,0.9325487017631531,0.0016802515601739287,0.46466517448425293,0.04302970692515373,0.9336728453636169,0.0016728552291169763,0.46788352727890015
legal_bert,ArXiv,0.971006453037262,0.0014604158932343125,0.5001194477081299,0.02084321528673172,0.9710995554924011,0.0014587035402655602,0.4708870053291321
legal_bert,FreeLaw,0.955095648765564,0.001604512450285256,0.5671570897102356,0.023269884288311005,0.955808699131012,0.0015945183113217354,0.38793855905532837
legal_bert,Github,0.9275540709495544,0.0017282627522945404,0.4803864061832428,0.03784315288066864,0.9292874336242676,0.0017014063196256757,0.44716766476631165
legal_bert,Pile-CC,0.9533789753913879,0.001542955171316862,0.4490789771080017,0.044629693031311035,0.9536056518554688,0.0015416586538776755,0.5042999982833862
legal_bert,PubMed_Central,0.9620840549468994,0.0015129847452044487,0.49930742383003235,0.030820153653621674,0.9629926681518555,0.001507583074271679,0.46277663111686707
legal_bert,StackExchange,0.9540486931800842,0.001559621305204928,0.49132969975471497,0.026603708043694496,0.9540494084358215,0.0015527476789429784,0.46271899342536926
legal_bert,USPTO_Backgrounds,0.96028733253479,0.001515510375611484,0.4781052768230438,0.035966403782367706,0.9603651165962219,0.0015150081599131227,0.4821820557117462
legal_bert,Wikipedia_en,0.9324310421943665,0.00164816714823246,0.4132777452468872,0.050593238323926926,0.9333134889602661,0.001642707735300064,0.5191532969474792
minilm,ArXiv,0.37788471579551697,0.08459002524614334,0.29591357707977295,0.17954932153224945,0.37788471579551697,0.08459002524614334,0.08197113871574402
minilm,FreeLaw,0.5686349272727966,0.01368663739413023,0.2603798508644104,0.21759706735610962,0.5686348080635071,0.013686642982065678,0.30825507640838623
minilm,Github,0.36138004064559937,0.09678518772125244,0.2867085933685303,0.18768589198589325,0.36138004064559937,0.09678518772125244,0.07467144727706909
minilm,Pile-CC,0.21861432492733002,0.25188347697257996,0.1810750514268875,0.348617821931839,0.21861431002616882,0.25188347697257996,0.037539273500442505
minilm,PubMed_Central,0.339509516954422,0.11339765042066574,0.27208560705184937,0.21662254631519318,0.339509516954422,0.11339762806892395,0.06742390990257263
minilm,StackExchange,0.21052949130535126,0.3005208671092987,0.19670440256595612,0.3273860514163971,0.21052952110767365,0.30052080750465393,0.013825088739395142
minilm,USPTO_Backgrounds,0.3470681309700012,0.08277634531259537,0.2491571009159088,0.23898792266845703,0.3470681309700012,0.08277633041143417,0.09791103005409241
minilm,Wikipedia_en,0.22508472204208374,0.262856125831604,0.2078791707754135,0.29483118653297424,0.22508469223976135,0.2628561556339264,0.017205551266670227
pubmedbert,ArXiv,0.9945535659790039,0.0013326021144166589,0.5438454151153564,0.02092530019581318,0.9945685267448425,0.0013324854662641883,0.45070815086364746
pubmedbert,FreeLaw,0.9956284761428833,0.001333523541688919,0.6445481181144714,0.012167402543127537,0.9956653118133545,0.0013330111978575587,0.35108035802841187
pubmedbert,Github,0.9846810102462769,0.001384081318974495,0.5156862139701843,0.033265095204114914,0.9849714040756226,0.0013827382354065776,0.46899479627609253
pubmedbert,Pile-CC,0.9915716648101807,0.0013452578568831086,0.499754399061203,0.03205448389053345,0.9916105270385742,0.001345070544630289,0.49181726574897766
pubmedbert,PubMed_Central,0.9917213916778564,0.00133998179808259,0.4378884732723236,0.03862842544913292,0.9917665123939514,0.0013397937873378396,0.5538329184055328
pubmedbert,StackExchange,0.9916760921478271,0.0013499632477760315,0.5530016422271729,0.02280011586844921,0.9916837811470032,0.0013497569598257542,0.4386744499206543
pubmedbert,USPTO_Backgrounds,0.9925313591957092,0.0013364054029807448,0.4424085021018982,0.0468197762966156,0.9925443530082703,0.0013363366015255451,0.550122857093811
pubmedbert,Wikipedia_en,0.9895369410514832,0.0013541328953579068,0.4814799129962921,0.03861420601606369,0.9895931482315063,0.001353817991912365,0.508057028055191
